{
    "ParametricEQ": {
        "low_shelf_gain_db": -15.085567474365234,
        "low_shelf_cutoff_freq": 1046.414794921875,
        "low_shelf_q_factor": 1.0904830694198608,
        "band0_gain_db": -14.982282638549805,
        "band0_cutoff_freq": 244.16421508789062,
        "band0_q_factor": 0.7101423740386963,
        "band1_gain_db": 19.231945037841797,
        "band1_cutoff_freq": 4603.3046875,
        "band1_q_factor": 0.46503955125808716,
        "band2_gain_db": -17.17986488342285,
        "band2_cutoff_freq": 11778.193359375,
        "band2_q_factor": 3.846256971359253,
        "band3_gain_db": -18.57906150817871,
        "band3_cutoff_freq": 12763.5380859375,
        "band3_q_factor": 2.8992362022399902,
        "high_shelf_gain_db": -18.531002044677734,
        "high_shelf_cutoff_freq": 11000.2548828125,
        "high_shelf_q_factor": 3.6101157665252686
    }
}