{
    "ParametricEQ": {
        "low_shelf_gain_db": 2.794588088989258,
        "low_shelf_cutoff_freq": 942.0798950195312,
        "low_shelf_q_factor": 5.818702220916748,
        "band0_gain_db": 12.762393951416016,
        "band0_cutoff_freq": 386.102783203125,
        "band0_q_factor": 5.698246002197266,
        "band1_gain_db": -15.115559577941895,
        "band1_cutoff_freq": 2797.78173828125,
        "band1_q_factor": 0.41976335644721985,
        "band2_gain_db": 13.730445861816406,
        "band2_cutoff_freq": 8797.328125,
        "band2_q_factor": 0.7269074320793152,
        "band3_gain_db": 7.014646530151367,
        "band3_cutoff_freq": 19105.35546875,
        "band3_q_factor": 3.940911054611206,
        "high_shelf_gain_db": -4.147791862487793,
        "high_shelf_cutoff_freq": 10098.64453125,
        "high_shelf_q_factor": 5.5179314613342285
    }
}