{
    "ParametricEQ": {
        "low_shelf_gain_db": -9.022489547729492,
        "low_shelf_cutoff_freq": 652.3773193359375,
        "low_shelf_q_factor": 5.531426429748535,
        "band0_gain_db": 18.959278106689453,
        "band0_cutoff_freq": 294.62811279296875,
        "band0_q_factor": 4.537745952606201,
        "band1_gain_db": 18.637123107910156,
        "band1_cutoff_freq": 7575.32861328125,
        "band1_q_factor": 3.270905017852783,
        "band2_gain_db": 6.1226806640625,
        "band2_cutoff_freq": 11822.01171875,
        "band2_q_factor": 3.2675857543945312,
        "band3_gain_db": 14.383750915527344,
        "band3_cutoff_freq": 18208.19140625,
        "band3_q_factor": 0.36088982224464417,
        "high_shelf_gain_db": 7.565641403198242,
        "high_shelf_cutoff_freq": 12224.1142578125,
        "high_shelf_q_factor": 1.6422170400619507
    }
}