{
    "NoiseShapedReverb": {
        "band0_gain": 0.3041965365409851,
        "band1_gain": 0.3055085837841034,
        "band2_gain": 0.22656980156898499,
        "band3_gain": 0.2248697131872177,
        "band4_gain": 0.4689377546310425,
        "band5_gain": 0.6239266991615295,
        "band6_gain": 0.2306838482618332,
        "band7_gain": 0.47089022397994995,
        "band8_gain": 0.26527488231658936,
        "band9_gain": 0.8392232060432434,
        "band10_gain": 0.6829087734222412,
        "band11_gain": 0.598577082157135,
        "band0_decay": 0.4620670974254608,
        "band1_decay": 0.4810783863067627,
        "band2_decay": 0.8889808058738708,
        "band3_decay": 0.22289815545082092,
        "band4_decay": 0.3597310781478882,
        "band5_decay": 0.33936190605163574,
        "band6_decay": 0.19943787157535553,
        "band7_decay": 0.3958992660045624,
        "band8_decay": 0.28798314929008484,
        "band9_decay": 0.2958301305770874,
        "band10_decay": 0.6026365160942078,
        "band11_decay": 0.5556411743164062,
        "mix": 0.6419065594673157
    }
}