{
    "NoiseShapedReverb": {
        "band0_gain": 0.2010526806116104,
        "band1_gain": 0.2196083813905716,
        "band2_gain": 0.20293331146240234,
        "band3_gain": 0.33064648509025574,
        "band4_gain": 0.5537859797477722,
        "band5_gain": 0.14219768345355988,
        "band6_gain": 0.4872751235961914,
        "band7_gain": 0.24735483527183533,
        "band8_gain": 0.08642180263996124,
        "band9_gain": 0.2322000414133072,
        "band10_gain": 0.8087212443351746,
        "band11_gain": 0.30533185601234436,
        "band0_decay": 0.47448596358299255,
        "band1_decay": 0.37743690609931946,
        "band2_decay": 0.959872305393219,
        "band3_decay": 0.6868336796760559,
        "band4_decay": 0.10450927168130875,
        "band5_decay": 0.2654338777065277,
        "band6_decay": 0.2810543477535248,
        "band7_decay": 0.14037980139255524,
        "band8_decay": 0.5764233469963074,
        "band9_decay": 0.33877208828926086,
        "band10_decay": 0.38527923822402954,
        "band11_decay": 0.3242979645729065,
        "mix": 0.49446287751197815
    }
}