{
    "NoiseShapedReverb": {
        "band0_gain": 0.14115478098392487,
        "band1_gain": 0.5137838125228882,
        "band2_gain": 0.8922281861305237,
        "band3_gain": 0.3096039295196533,
        "band4_gain": 0.3825872540473938,
        "band5_gain": 0.23645927011966705,
        "band6_gain": 0.49372443556785583,
        "band7_gain": 0.7521328926086426,
        "band8_gain": 0.8689740300178528,
        "band9_gain": 0.2872222065925598,
        "band10_gain": 0.9185022115707397,
        "band11_gain": 0.8991039991378784,
        "band0_decay": 0.5326988697052002,
        "band1_decay": 0.5799558758735657,
        "band2_decay": 0.09077533334493637,
        "band3_decay": 0.5104241371154785,
        "band4_decay": 0.3511367738246918,
        "band5_decay": 0.17727108299732208,
        "band6_decay": 0.1597766876220703,
        "band7_decay": 0.254586398601532,
        "band8_decay": 0.5274361371994019,
        "band9_decay": 0.5665619969367981,
        "band10_decay": 0.12822473049163818,
        "band11_decay": 0.05540543422102928,
        "mix": 0.7310829162597656
    }
}