{
    "NoiseShapedReverb": {
        "band0_gain": 0.08983726799488068,
        "band1_gain": 0.21357190608978271,
        "band2_gain": 0.4540036916732788,
        "band3_gain": 0.8096372485160828,
        "band4_gain": 0.7271379232406616,
        "band5_gain": 0.6998321413993835,
        "band6_gain": 0.7643523216247559,
        "band7_gain": 0.6814245581626892,
        "band8_gain": 0.6863368153572083,
        "band9_gain": 0.36314427852630615,
        "band10_gain": 0.7800297141075134,
        "band11_gain": 0.1255321502685547,
        "band0_decay": 0.4693414866924286,
        "band1_decay": 0.7445341944694519,
        "band2_decay": 0.85200035572052,
        "band3_decay": 0.29150086641311646,
        "band4_decay": 0.21135862171649933,
        "band5_decay": 0.0882374495267868,
        "band6_decay": 0.15340183675289154,
        "band7_decay": 0.6338698267936707,
        "band8_decay": 0.34255334734916687,
        "band9_decay": 0.6750611066818237,
        "band10_decay": 0.6033161878585815,
        "band11_decay": 0.3144282400608063,
        "mix": 0.22779303789138794
    }
}