{
    "NoiseShapedReverb": {
        "band0_gain": 0.6500297784805298,
        "band1_gain": 0.7961654663085938,
        "band2_gain": 0.3282327651977539,
        "band3_gain": 0.42705443501472473,
        "band4_gain": 0.832295835018158,
        "band5_gain": 0.24399209022521973,
        "band6_gain": 0.8392757177352905,
        "band7_gain": 0.37063881754875183,
        "band8_gain": 0.20955738425254822,
        "band9_gain": 0.10595235228538513,
        "band10_gain": 0.6020064353942871,
        "band11_gain": 0.5148634910583496,
        "band0_decay": 0.36446499824523926,
        "band1_decay": 0.6057752966880798,
        "band2_decay": 0.29825201630592346,
        "band3_decay": 0.6367117166519165,
        "band4_decay": 0.19542296230793,
        "band5_decay": 0.06337626278400421,
        "band6_decay": 0.29255345463752747,
        "band7_decay": 0.17971858382225037,
        "band8_decay": 0.23657278716564178,
        "band9_decay": 0.4074210226535797,
        "band10_decay": 0.1856301724910736,
        "band11_decay": 0.3053496778011322,
        "mix": 0.3103935420513153
    }
}