{
    "NoiseShapedReverb": {
        "band0_gain": 0.5694205164909363,
        "band1_gain": 0.9044128060340881,
        "band2_gain": 0.8201678395271301,
        "band3_gain": 0.4779984652996063,
        "band4_gain": 0.15588770806789398,
        "band5_gain": 0.7448947429656982,
        "band6_gain": 0.3335206210613251,
        "band7_gain": 0.1690666675567627,
        "band8_gain": 0.8222963809967041,
        "band9_gain": 0.44607940316200256,
        "band10_gain": 0.2888789176940918,
        "band11_gain": 0.9052184820175171,
        "band0_decay": 0.8856658339500427,
        "band1_decay": 0.28224989771842957,
        "band2_decay": 0.6629154682159424,
        "band3_decay": 0.27571678161621094,
        "band4_decay": 0.6017287373542786,
        "band5_decay": 0.22169934213161469,
        "band6_decay": 0.1819002479314804,
        "band7_decay": 0.5670346021652222,
        "band8_decay": 0.4410827159881592,
        "band9_decay": 0.8619174957275391,
        "band10_decay": 0.6676900386810303,
        "band11_decay": 0.23901647329330444,
        "mix": 0.3798159062862396
    }
}