{
    "NoiseShapedReverb": {
        "band0_gain": 0.2351478487253189,
        "band1_gain": 0.8516531586647034,
        "band2_gain": 0.8325942158699036,
        "band3_gain": 0.7434726357460022,
        "band4_gain": 0.10780568420886993,
        "band5_gain": 0.7913501262664795,
        "band6_gain": 0.7597947120666504,
        "band7_gain": 0.15508206188678741,
        "band8_gain": 0.8969010710716248,
        "band9_gain": 0.3271344006061554,
        "band10_gain": 0.2632538378238678,
        "band11_gain": 0.9543289542198181,
        "band0_decay": 0.17908108234405518,
        "band1_decay": 0.6989325284957886,
        "band2_decay": 0.37469589710235596,
        "band3_decay": 0.6540632843971252,
        "band4_decay": 0.39809906482696533,
        "band5_decay": 0.11667056381702423,
        "band6_decay": 0.0948314517736435,
        "band7_decay": 0.7180460691452026,
        "band8_decay": 0.7225906848907471,
        "band9_decay": 0.7903295159339905,
        "band10_decay": 0.6733077168464661,
        "band11_decay": 0.49731147289276123,
        "mix": 0.34548163414001465
    }
}