{
    "NoiseShapedReverb": {
        "band0_gain": 0.7977057099342346,
        "band1_gain": 0.09800873696804047,
        "band2_gain": 0.11917529255151749,
        "band3_gain": 0.24030837416648865,
        "band4_gain": 0.3447825610637665,
        "band5_gain": 0.423215389251709,
        "band6_gain": 0.526249885559082,
        "band7_gain": 0.3561735451221466,
        "band8_gain": 0.28100067377090454,
        "band9_gain": 0.17106643319129944,
        "band10_gain": 0.8004662990570068,
        "band11_gain": 0.5457143187522888,
        "band0_decay": 0.6826152801513672,
        "band1_decay": 0.40308141708374023,
        "band2_decay": 0.7381017804145813,
        "band3_decay": 0.37145209312438965,
        "band4_decay": 0.11518950015306473,
        "band5_decay": 0.5704137086868286,
        "band6_decay": 0.5560740828514099,
        "band7_decay": 0.4355093240737915,
        "band8_decay": 0.6772046685218811,
        "band9_decay": 0.6084144711494446,
        "band10_decay": 0.27219682931900024,
        "band11_decay": 0.09799791872501373,
        "mix": 0.6830137372016907
    }
}