{
    "NoiseShapedReverb": {
        "band0_gain": 0.7711932063102722,
        "band1_gain": 0.7960309386253357,
        "band2_gain": 0.3628263771533966,
        "band3_gain": 0.650220513343811,
        "band4_gain": 0.7008963823318481,
        "band5_gain": 0.48918014764785767,
        "band6_gain": 0.5355488657951355,
        "band7_gain": 0.6956512928009033,
        "band8_gain": 0.09765960276126862,
        "band9_gain": 0.48730984330177307,
        "band10_gain": 0.5485773086547852,
        "band11_gain": 0.27172526717185974,
        "band0_decay": 0.47263604402542114,
        "band1_decay": 0.3015589714050293,
        "band2_decay": 0.2118268609046936,
        "band3_decay": 0.08986924588680267,
        "band4_decay": 0.19510267674922943,
        "band5_decay": 0.2404516488313675,
        "band6_decay": 0.38810425996780396,
        "band7_decay": 0.38363873958587646,
        "band8_decay": 0.9188961982727051,
        "band9_decay": 0.7460620403289795,
        "band10_decay": 0.36249348521232605,
        "band11_decay": 0.6507317423820496,
        "mix": 0.3834093511104584
    }
}